Workbook

Sheet Colar Pedido
A1: Order Number | B1: Line # | C1: Case ID | D1: Lot | E1: Location | F1: LPN | G1: Owner | H1: Item | I1: Quantity | J1: Status | K1: Drop ID | L1: Wave | M1: Created by User | N1: QC Required
A2: 6878309021 | B2: 00009 | C2: 0000125351 | D2: 0000014742 | E2: FR.01.01.01.02 | G2: BRARQBAT02 | H2: 10226421 | I2: 20.00000 | J2: Released | L2: 0000001999 | M2: 764wesa | N2: No
A3: 6878309021 | B3: 00001 | C3: 0000125361 | D3: 0000014733 | E3: BLE048 | F3: REC99821044ARQ | G3: BRARQBAT02 | H3: 10242292 | I3: 400.00000 | J3: Released | L3: 0000001999 | M3: 764wesa | N3: No
A4: 6878309021 | B4: 00001 | C4: 0000125477 | D4: 0000014707 | E4: BLE066 | F4: REC99821059ARQ | G4: BRARQBAT02 | H4: 10242292 | I4: 400.00000 | J4: Released | L4: 0000001999 | M4: 764wesa | N4: No
A5: 6878309021 | B5: 00001 | C5: 0000125478 | D5: 0000014731 | E5: BLE069 | F5: REC99821060ARQ | G5: BRARQBAT02 | H5: 10242292 | I5: 400.00000 | J5: Released | L5: 0000001999 | M5: 764wesa | N5: No
A6: 6878309021 | B6: 00001 | C6: 0000125479 | D6: 0000014585 | E6: BLF051 | F6: REC01907296ARQ | G6: BRARQBAT02 | H6: 10242292 | I6: 400.00000 | J6: Released | L6: 0000001999 | M6: 764wesa | N6: No
A7: 6878309021 | B7: 00001 | C7: 0000125480 | D7: 0000014545 | E7: BLF054 | F7: RECX72KOJ022ARQ | G7: BRARQBAT02 | H7: 10242292 | I7: 400.00000 | J7: Released | L7: 0000001999 | M7: 764wesa | N7: No
A8: 6878309021 | B8: 00001 | C8: 0000125481 | D8: 0000014611 | E8: BLF054 | F8: RECX72KOJ023ARQ | G8: BRARQBAT02 | H8: 10242292 | I8: 400.00000 | J8: Released | L8: 0000001999 | M8: 764wesa | N8: No
A9: 6878309021 | B9: 00001 | C9: 0000125482 | D9: 0000014596 | E9: BLF056 | F9: REC01907294ARQ | G9: BRARQBAT02 | H9: 10242292 | I9: 400.00000 | J9: Released | L9: 0000001999 | M9: 764wesa | N9: No
A10: 6878309021 | B10: 00001 | C10: 0000125483 | D10: 0000014597 | E10: BLF056 | F10: REC01907293ARQ | G10: BRARQBAT02 | H10: 10242292 | I10: 400.00000 | J10: Released | L10: 0000001999 | M10: 764wesa | N10: No
A11: 6878309021 | B11: 00001 | C11: 0000125484 | D11: 0000014552 | E11: BLF070 | F11: REC01907226ARQ | G11: BRARQBAT02 | H11: 10242292 | I11: 400.00000 | J11: Released | L11: 0000001999 | M11: 764wesa | N11: No
A12: 6878309021 | B12: 00001 | C12: 0000125485 | D12: 0000014547 | E12: BLF072 | F12: REC01907276ARQ | G12: BRARQBAT02 | H12: 10242292 | I12: 400.00000 | J12: Released | L12: 0000001999 | M12: 764wesa | N12: No
A13: 6878309021 | B13: 00001 | C13: 0000125486 | D13: 0000014566 | E13: BLF072 | F13: REC01907273ARQ | G13: BRARQBAT02 | H13: 10242292 | I13: 400.00000 | J13: Released | L13: 0000001999 | M13: 764wesa | N13: No
A14: 6878309021 | B14: 00001 | C14: 0000125487 | D14: 0000014761 | E14: BLF088 | F14: REC99821035ARQ | G14: BRARQBAT02 | H14: 10242292 | I14: 400.00000 | J14: Released | L14: 0000001999 | M14: 764wesa | N14: No
... A39: 6878309021 | B39: 00010 | C39: 0000125512 | D39: 0000013903 | E39: BLG047 | F39: RECF05QS7397ARQ | G39: BRARQBAT02 | H39: 10226373 | I39: 400.00000 | J39: Released | L39: 0000001999 | M39: 764wesa | N39: No

Sheet Colar Acompanhamento
A1: Local | B1: Tipo | C1: Embarque | D1: NF | E1: Prioridade | F1: OD | G1: Alocado | H1: Qtd Caixas | I1: Qtd Pallets | J1: Conversão | K1: Status Chamado | L1: Status Logix | M1: Faturada | N1: Conta e Ordem | O1: Valor Nota | P1: Obs
A2: Cachoeirinha
A8: Passo Fundo
B11: Cigarro | C11: 46226 | D11: 87517 | E11: 1 | F11: 6878304268 | G11: Sim | H11: 341 | I11: 9 | J11: Não | K11: NA
A12: Itajaí | B12: Cigarro | C12: 46226 | D12: 87518 | E12: 1 | F12: 6878304269 | G12: Sim | H12: 823 | I12: 21 | J12: Não | K12: NA
B13: Cigarro | C13: 46226 | D13: 87519 | E13: 2 | F13: 6878309020 | G13: Sim | H13: 1008 | I13: 26 | J13: Sim | K13: Aberto
B14: Parceria | C14: 46226 | D14: 87515 | E14: 2 | F14: 6878304266 | G14: Sim | H14: - | I14: 2 | J14: Não | K14: NA
B15: Parceria | C15: 46226 | D15: 87516 | E15: 2 | F15: 6878304267 | G15: Sim | H15: - | I15: 2 | J15: Não | K15: NA
B16: Cigarro | C16: 46226 | D16: 87520 | E16: 3 | F16: 6878309021 | G16: Sim | H16: 1158 | I16: 29 | J16: Não | K16: NA

Sheet DB
A1: SKU | B1: Tamanho
A2: 10053057 | B2: FUMO
A3: 10158803 | B3: BOX
A4: 10165171 | B4: BOX
A5: 10186344 | B5: BOX
A6: 10198819 | B6: SLIVE
A7: 10199089 | B7: BOX
A8: 10208003 | B8: BOX
A9: 10208004 | B9: BOX
A10: 10208005 | B10: BOX
A11: 10208167 | B11: SLEEVE P
A12: 10215610 | B12: BOX
A13: 10215641 | B13: BOX
... A112: 10247605 | B112: NINE

Sheet Imprimir
A1: Pedido | B1: ='Colar Pedido'!A2 -> 6878309021 | C1: LS | D1: =_xlfn.XLOOKUP(VALUE(B1),'Colar Acompanhamento'!F:F,'Colar Acompanhamento'!E:E,"") -> 3 | E1: Local | F1: =_xlfn.XLOOKUP(VALUE(B1),'Colar Acompanhamento'!F:F,'Colar Acompanhamento'!A:A,"") -> 0
A3: Location | B3: Item | C3: Quantity | D3: Box Type | E3: Case ID | F3: Barcode
A4: =IF(ISBLANK('Colar Pedido'!E2), "", 'Colar Pedido'!E2) -> FR.01.01.01.02 | B4: =IF(ISBLANK('Colar Pedido'!H2),"",'Colar Pedido'!H2) -> 10226421 | C4: =IF(ISBLANK('Colar Pedido'!I2),"",VALUE('Colar Pedido'!I2)) -> 20 | D4: =IF(Imprimir!B4="", "", _xlfn.XLOOKUP(VALUE(Imprimir!B4),DB!A:A,DB!B:B,"")) -> BOX | E4: =IF(ISBLANK('Colar Pedido'!C2),"",'Colar Pedido'!C2) -> 0000125351
A5: =IF(ISBLANK('Colar Pedido'!E3), "", 'Colar Pedido'!E3) -> BLE048 | B5: =IF(ISBLANK('Colar Pedido'!H3),"",'Colar Pedido'!H3) -> 10242292 | C5: =IF(ISBLANK('Colar Pedido'!I3),"",VALUE('Colar Pedido'!I3)) -> 400 | D5: =IF(Imprimir!B5="", "", _xlfn.XLOOKUP(VALUE(Imprimir!B5),DB!A:A,DB!B:B,"")) | E5: =IF(ISBLANK('Colar Pedido'!C3),"",'Colar Pedido'!C3) -> 0000125361
A6: =IF(ISBLANK('Colar Pedido'!E4), "", 'Colar Pedido'!E4) -> BLE066 | B6: =IF(ISBLANK('Colar Pedido'!H4),"",'Colar Pedido'!H4) -> 10242292 | C6: =IF(ISBLANK('Colar Pedido'!I4),"",VALUE('Colar Pedido'!I4)) -> 400 | D6: =IF(Imprimir!B6="", "", _xlfn.XLOOKUP(VALUE(Imprimir!B6),DB!A:A,DB!B:B,"")) | E6: =IF(ISBLANK('Colar Pedido'!C4),"",'Colar Pedido'!C4) -> 0000125477
A7: =IF(ISBLANK('Colar Pedido'!E5), "", 'Colar Pedido'!E5) -> BLE069 | B7: =IF(ISBLANK('Colar Pedido'!H5),"",'Colar Pedido'!H5) -> 10242292 | C7: =IF(ISBLANK('Colar Pedido'!I5),"",VALUE('Colar Pedido'!I5)) -> 400 | D7: =IF(Imprimir!B7="", "", _xlfn.XLOOKUP(VALUE(Imprimir!B7),DB!A:A,DB!B:B,"")) | E7: =IF(ISBLANK('Colar Pedido'!C5),"",'Colar Pedido'!C5) -> 0000125478
A8: =IF(ISBLANK('Colar Pedido'!E6), "", 'Colar Pedido'!E6) -> BLF051 | B8: =IF(ISBLANK('Colar Pedido'!H6),"",'Colar Pedido'!H6) -> 10242292 | C8: =IF(ISBLANK('Colar Pedido'!I6),"",VALUE('Colar Pedido'!I6)) -> 400 | D8: =IF(Imprimir!B8="", "", _xlfn.XLOOKUP(VALUE(Imprimir!B8),DB!A:A,DB!B:B,"")) | E8: =IF(ISBLANK('Colar Pedido'!C6),"",'Colar Pedido'!C6) -> 0000125479
A9: =IF(ISBLANK('Colar Pedido'!E7), "", 'Colar Pedido'!E7) -> BLF054 | B9: =IF(ISBLANK('Colar Pedido'!H7),"",'Colar Pedido'!H7) -> 10242292 | C9: =IF(ISBLANK('Colar Pedido'!I7),"",VALUE('Colar Pedido'!I7)) -> 400 | D9: =IF(Imprimir!B9="", "", _xlfn.XLOOKUP(VALUE(Imprimir!B9),DB!A:A,DB!B:B,"")) | E9: =IF(ISBLANK('Colar Pedido'!C7),"",'Colar Pedido'!C7) -> 0000125480
A10: =IF(ISBLANK('Colar Pedido'!E8), "", 'Colar Pedido'!E8) -> BLF054 | B10: =IF(ISBLANK('Colar Pedido'!H8),"",'Colar Pedido'!H8) -> 10242292 | C10: =IF(ISBLANK('Colar Pedido'!I8),"",VALUE('Colar Pedido'!I8)) -> 400 | D10: =IF(Imprimir!B10="", "", _xlfn.XLOOKUP(VALUE(Imprimir!B10),DB!A:A,DB!B:B,"")) | E10: =IF(ISBLANK('Colar Pedido'!C8),"",'Colar Pedido'!C8) -> 0000125481
A11: =IF(ISBLANK('Colar Pedido'!E9), "", 'Colar Pedido'!E9) -> BLF056 | B11: =IF(ISBLANK('Colar Pedido'!H9),"",'Colar Pedido'!H9) -> 10242292 | C11: =IF(ISBLANK('Colar Pedido'!I9),"",VALUE('Colar Pedido'!I9)) -> 400 | D11: =IF(Imprimir!B11="", "", _xlfn.XLOOKUP(VALUE(Imprimir!B11),DB!A:A,DB!B:B,"")) | E11: =IF(ISBLANK('Colar Pedido'!C9),"",'Colar Pedido'!C9) -> 0000125482
A12: =IF(ISBLANK('Colar Pedido'!E10), "", 'Colar Pedido'!E10) -> BLF056 | B12: =IF(ISBLANK('Colar Pedido'!H10),"",'Colar Pedido'!H10) -> 10242292 | C12: =IF(ISBLANK('Colar Pedido'!I10),"",VALUE('Colar Pedido'!I10)) -> 400 | D12: =IF(Imprimir!B12="", "", _xlfn.XLOOKUP(VALUE(Imprimir!B12),DB!A:A,DB!B:B,"")) | E12: =IF(ISBLANK('Colar Pedido'!C10),"",'Colar Pedido'!C10) -> 0000125483
A13: =IF(ISBLANK('Colar Pedido'!E11), "", 'Colar Pedido'!E11) -> BLF070 | B13: =IF(ISBLANK('Colar Pedido'!H11),"",'Colar Pedido'!H11) -> 10242292 | C13: =IF(ISBLANK('Colar Pedido'!I11),"",VALUE('Colar Pedido'!I11)) -> 400 | D13: =IF(Imprimir!B13="", "", _xlfn.XLOOKUP(VALUE(Imprimir!B13),DB!A:A,DB!B:B,"")) | E13: =IF(ISBLANK('Colar Pedido'!C11),"",'Colar Pedido'!C11) -> 0000125484
A14: =IF(ISBLANK('Colar Pedido'!E12), "", 'Colar Pedido'!E12) -> BLF072 | B14: =IF(ISBLANK('Colar Pedido'!H12),"",'Colar Pedido'!H12) -> 10242292 | C14: =IF(ISBLANK('Colar Pedido'!I12),"",VALUE('Colar Pedido'!I12)) -> 400 | D14: =IF(Imprimir!B14="", "", _xlfn.XLOOKUP(VALUE(Imprimir!B14),DB!A:A,DB!B:B,"")) | E14: =IF(ISBLANK('Colar Pedido'!C12),"",'Colar Pedido'!C12) -> 0000125485
A15: =IF(ISBLANK('Colar Pedido'!E13), "", 'Colar Pedido'!E13) -> BLF072 | B15: =IF(ISBLANK('Colar Pedido'!H13),"",'Colar Pedido'!H13) -> 10242292 | C15: =IF(ISBLANK('Colar Pedido'!I13),"",VALUE('Colar Pedido'!I13)) -> 400 | D15: =IF(Imprimir!B15="", "", _xlfn.XLOOKUP(VALUE(Imprimir!B15),DB!A:A,DB!B:B,"")) | E15: =IF(ISBLANK('Colar Pedido'!C13),"",'Colar Pedido'!C13) -> 0000125486
... A101: =IF(ISBLANK('Colar Pedido'!E99), "", 'Colar Pedido'!E99) | B101: =IF(ISBLANK('Colar Pedido'!H99),"",'Colar Pedido'!H99) | C101: =IF(ISBLANK('Colar Pedido'!I99),"",VALUE('Colar Pedido'!I99)) | D101: =IF(Imprimir!B101="", "", _xlfn.XLOOKUP(VALUE(Imprimir!B101),DB!A:A,DB!B:B,"")) | E101: =IF(ISBLANK('Colar Pedido'!C99),"",'Colar Pedido'!C99)
